Actor_label,Country_label,Kpi_label_corporate,Fact_date,Kpi_value,Year,Quarter,Year_Quarter
Gaia.com,USA,SVOD subscribers,2021-03-31,494765,2021,1,2021-Q1
WWE Network,USA,SVOD subscribers,2021-03-31,1175425,2021,1,2021-Q1
Brown Sugar,USA,SVOD subscribers,2021-03-31,4871,2021,1,2021-Q1
Dazn,USA,SVOD subscribers,2021-03-31,834300,2021,1,2021-Q1
Rabbit TV Plus,USA,SVOD subscribers,2021-03-31,13659,2021,1,2021-Q1
Fubo.tv USA,USA,SVOD subscribers,2021-03-31,531865,2021,1,2021-Q1
Flixfling,USA,SVOD subscribers,2021-03-31,3675,2021,1,2021-Q1
BET+,USA,SVOD subscribers,2021-03-31,882331,2021,1,2021-Q1
Philo TV,USA,SVOD subscribers,2021-03-31,815162,2021,1,2021-Q1
FUNimation,USA,SVOD subscribers,2021-03-31,95878,2021,1,2021-Q1
Flix Premiere,USA,SVOD subscribers,2021-03-31,73818,2021,1,2021-Q1
HooplaKidz Plus,USA,SVOD subscribers,2021-03-31,15600,2021,1,2021-Q1
History Vault,USA,SVOD subscribers,2021-03-31,9957,2021,1,2021-Q1
YouTube Premium,USA,SVOD subscribers,2021-03-31,7828762,2021,1,2021-Q1
Starz,USA,SVOD subscribers,2021-03-31,10000000,2021,1,2021-Q1
Eros Now,USA,SVOD subscribers,2021-03-31,76577,2021,1,2021-Q1
Dove Channel,USA,SVOD subscribers,2021-03-31,55869,2021,1,2021-Q1
Retrocrush,USA,SVOD subscribers,2021-03-31,24218,2021,1,2021-Q1
Britbox,USA,SVOD subscribers,2021-03-31,1260184,2021,1,2021-Q1
Lifetime Movie Club,USA,SVOD subscribers,2021-03-31,246000,2021,1,2021-Q1
CuriosityStream,USA,SVOD subscribers,2021-03-31,714000,2021,1,2021-Q1
Peacock Premium,USA,SVOD subscribers,2021-03-31,3168000,2021,1,2021-Q1
Noggin,USA,SVOD subscribers,2021-03-31,2599928,2021,1,2021-Q1
WOW Presents Plus,USA,SVOD subscribers,2021-03-31,48593,2021,1,2021-Q1
Mubi,USA,SVOD subscribers,2021-03-31,41477,2021,1,2021-Q1
OVID,USA,SVOD subscribers,2021-03-31,1400,2021,1,2021-Q1
Hallmark+,USA,SVOD subscribers,2021-03-31,1050000,2021,1,2021-Q1
Arrow Player,USA,SVOD subscribers,2021-03-31,20226,2021,1,2021-Q1
Acorn TV,USA,SVOD subscribers,2021-03-31,1745408,2021,1,2021-Q1
BlazeTV+,USA,SVOD subscribers,2021-03-31,457123,2021,1,2021-Q1
OUTtv,USA,SVOD subscribers,2021-03-31,1935,2021,1,2021-Q1
Crunchyroll,USA,SVOD subscribers,2021-03-31,2246463,2021,1,2021-Q1
PaulaDeen.com,USA,SVOD subscribers,2021-03-31,41010,2021,1,2021-Q1
MyOutdoorTV,USA,SVOD subscribers,2021-03-31,11010,2021,1,2021-Q1
Met Opera on Demand,USA,SVOD subscribers,2021-03-31,30575,2021,1,2021-Q1
Pantaya,USA,SVOD subscribers,2021-03-31,900000,2021,1,2021-Q1
Hi-YAH,USA,SVOD subscribers,2021-03-31,20580,2021,1,2021-Q1
Screambox,USA,SVOD subscribers,2021-03-31,54089,2021,1,2021-Q1
MHz Choice,USA,SVOD subscribers,2021-03-31,156263,2021,1,2021-Q1
Kocowa+,USA,SVOD subscribers,2021-03-31,58842,2021,1,2021-Q1
MLB.TV,USA,SVOD subscribers,2021-03-31,3309534,2021,1,2021-Q1
Rooster Teeth,USA,SVOD subscribers,2021-03-31,279604,2021,1,2021-Q1
Film Movement PLus,USA,SVOD subscribers,2021-03-31,31665,2021,1,2021-Q1
Netflix,USA,SVOD subscribers,2021-03-31,67006763,2021,1,2021-Q1
True Story,USA,SVOD subscribers,2021-03-31,1500,2021,1,2021-Q1
Allblk,USA,SVOD subscribers,2021-03-31,69583,2021,1,2021-Q1
Paramount+,USA,SVOD subscribers,2021-03-31,14194526,2021,1,2021-Q1
TYT Network,USA,SVOD subscribers,2021-03-31,32537,2021,1,2021-Q1
Sun NXT,USA,SVOD subscribers,2021-03-31,10370,2021,1,2021-Q1
Motor Trend On Demand,USA,SVOD subscribers,2021-03-31,95454,2021,1,2021-Q1
Spuul,USA,SVOD subscribers,2021-03-31,35752,2021,1,2021-Q1
UFC Fight Pass,USA,SVOD subscribers,2021-03-31,556580,2021,1,2021-Q1
Viki,USA,SVOD subscribers,2021-03-31,126963,2021,1,2021-Q1
Indieflix,USA,SVOD subscribers,2021-03-31,5513,2021,1,2021-Q1
Amazon Prime Video,USA,SVOD subscribers,2021-03-31,90037500,2021,1,2021-Q1
College Sports Live,USA,SVOD subscribers,2021-03-31,4286,2021,1,2021-Q1
FloSports,USA,SVOD subscribers,2021-03-31,435999,2021,1,2021-Q1
NHL.TV,USA,SVOD subscribers,2021-03-31,596357,2021,1,2021-Q1
YouTube TV USA,USA,SVOD subscribers,2021-03-31,3228750,2021,1,2021-Q1
Laugh Out Loud,USA,SVOD subscribers,2021-03-31,11280,2021,1,2021-Q1
The Criterion Channel,USA,SVOD subscribers,2021-03-31,36575,2021,1,2021-Q1
AT&T TV Now,USA,SVOD subscribers,2021-03-31,625044,2021,1,2021-Q1
PBS Passport,USA,SVOD subscribers,2021-03-31,180468,2021,1,2021-Q1
Wow! TV+,USA,SVOD subscribers,2021-03-31,45214,2021,1,2021-Q1
TVision,USA,SVOD subscribers,2021-03-31,42500,2021,1,2021-Q1
C Spire,USA,SVOD subscribers,2021-03-31,125837,2021,1,2021-Q1
Poker Go,USA,SVOD subscribers,2021-03-31,7728,2021,1,2021-Q1
Kinetic TV,USA,SVOD subscribers,2021-03-31,106932,2021,1,2021-Q1
NFL Game Pass,USA,SVOD subscribers,2021-03-31,171864,2021,1,2021-Q1
Fanatiz,USA,SVOD subscribers,2021-03-31,4490,2021,1,2021-Q1
Disney+,USA,SVOD subscribers,2021-03-31,33570000,2021,1,2021-Q1
Pumpone,USA,SVOD subscribers,2021-03-31,4077,2021,1,2021-Q1
NBA League Pass,USA,SVOD subscribers,2021-03-31,3886328,2021,1,2021-Q1
Chaiflicks,USA,SVOD subscribers,2021-03-31,11470,2021,1,2021-Q1
Apple TV+,USA,SVOD subscribers,2021-03-31,18909651,2021,1,2021-Q1
Smithsonian Earth TV,USA,SVOD subscribers,2021-03-31,3728,2021,1,2021-Q1
The Film Detective,USA,SVOD subscribers,2021-03-31,4249,2021,1,2021-Q1
Hoichoi,USA,SVOD subscribers,2021-03-31,7395,2021,1,2021-Q1
Qello Concerts,USA,SVOD subscribers,2021-03-31,14766,2021,1,2021-Q1
HBO Max (2020-2023),USA,SVOD subscribers,2021-03-31,19277200,2021,1,2021-Q1
Topic,USA,SVOD subscribers,2021-03-31,5843,2021,1,2021-Q1
Vidgo,USA,SVOD subscribers,2021-03-31,30000,2021,1,2021-Q1
Tastemade+,USA,SVOD subscribers,2021-03-31,143379,2021,1,2021-Q1
Fandor,USA,SVOD subscribers,2021-03-31,47141,2021,1,2021-Q1
Shudder,USA,SVOD subscribers,2021-03-31,814239,2021,1,2021-Q1
ESPN D2C,USA,SVOD subscribers,2021-03-31,13800000,2021,1,2021-Q1
Qwest TV,USA,SVOD subscribers,2021-03-31,15382,2021,1,2021-Q1
Fox Nation,USA,SVOD subscribers,2021-03-31,210000,2021,1,2021-Q1
Sling TV,USA,SVOD subscribers,2021-03-31,2374000,2021,1,2021-Q1
Izzy Stream Israel,USA,SVOD subscribers,2021-03-31,10920,2021,1,2021-Q1
Pureflix,USA,SVOD subscribers,2021-03-31,612149,2021,1,2021-Q1
F1 TV,USA,SVOD subscribers,2021-03-31,56105,2021,1,2021-Q1
i-ON TV,USA,SVOD subscribers,2021-03-31,1725,2021,1,2021-Q1
FreeCast,USA,SVOD subscribers,2021-03-31,18379,2021,1,2021-Q1
VRV,USA,SVOD subscribers,2021-03-31,470253,2021,1,2021-Q1
BossTV,USA,SVOD subscribers,2021-03-31,25875,2021,1,2021-Q1
Showtime Streaming,USA,SVOD subscribers,2021-03-31,9815467,2021,1,2021-Q1
Magellan TV Now,USA,SVOD subscribers,2021-03-31,33455,2021,1,2021-Q1
Univision Now,USA,SVOD subscribers,2021-03-31,20434,2021,1,2021-Q1
WatchTV,USA,SVOD subscribers,2021-03-31,117327,2021,1,2021-Q1
Nebula.tv,USA,SVOD subscribers,2021-03-31,177744,2021,1,2021-Q1
Discovery+,USA,SVOD subscribers,2021-03-31,5304000,2021,1,2021-Q1
Boomerang,USA,SVOD subscribers,2021-03-31,265358,2021,1,2021-Q1
Night Flight Plus,USA,SVOD subscribers,2021-03-31,7664,2021,1,2021-Q1
Broadway HD,USA,SVOD subscribers,2021-03-31,7129,2021,1,2021-Q1
Bleacher Report Live,USA,SVOD subscribers,2021-03-31,65950,2021,1,2021-Q1
Demand Africa,USA,SVOD subscribers,2021-03-31,7398,2021,1,2021-Q1
Tennis Channel Plus,USA,SVOD subscribers,2021-03-31,12988,2021,1,2021-Q1
Hulu,USA,SVOD subscribers,2021-03-31,41600000,2021,1,2021-Q1
Frndly TV,USA,SVOD subscribers,2021-03-31,470000,2021,1,2021-Q1
Kartina.TV,USA,SVOD subscribers,2021-03-31,31680,2021,1,2021-Q1
Dropout,USA,SVOD subscribers,2021-03-31,128680,2021,1,2021-Q1
AsianCrush,USA,SVOD subscribers,2021-03-31,27309,2021,1,2021-Q1
Metrograph,USA,SVOD subscribers,2021-03-31,17175,2021,1,2021-Q1
Sundance Now,USA,SVOD subscribers,2021-03-31,838221,2021,1,2021-Q1
HiDive,USA,SVOD subscribers,2021-03-31,61930,2021,1,2021-Q1
Yuppflix,USA,SVOD subscribers,2021-03-31,8226,2021,1,2021-Q1
Indieflix,USA,SVOD subscribers,2021-06-30,5623,2021,2,2021-Q2
Viki,USA,SVOD subscribers,2021-06-30,133311,2021,2,2021-Q2
Poker Go,USA,SVOD subscribers,2021-06-30,7805,2021,2,2021-Q2
Fanatiz,USA,SVOD subscribers,2021-06-30,4535,2021,2,2021-Q2
C Spire,USA,SVOD subscribers,2021-06-30,122062,2021,2,2021-Q2
Metrograph,USA,SVOD subscribers,2021-06-30,21468,2021,2,2021-Q2
Showtime Streaming,USA,SVOD subscribers,2021-06-30,10502549,2021,2,2021-Q2
Chaiflicks,USA,SVOD subscribers,2021-06-30,12610,2021,2,2021-Q2
Amazon Prime Video,USA,SVOD subscribers,2021-06-30,90937875,2021,2,2021-Q2
Kinetic TV,USA,SVOD subscribers,2021-06-30,128319,2021,2,2021-Q2
AsianCrush,USA,SVOD subscribers,2021-06-30,27856,2021,2,2021-Q2
PBS Passport,USA,SVOD subscribers,2021-06-30,178664,2021,2,2021-Q2
Wow! TV+,USA,SVOD subscribers,2021-06-30,76221,2021,2,2021-Q2
BossTV,USA,SVOD subscribers,2021-06-30,32344,2021,2,2021-Q2
AT&T TV Now,USA,SVOD subscribers,2021-06-30,602498,2021,2,2021-Q2
MLB.TV,USA,SVOD subscribers,2021-06-30,3640487,2021,2,2021-Q2
FloSports,USA,SVOD subscribers,2021-06-30,479599,2021,2,2021-Q2
Broadway HD,USA,SVOD subscribers,2021-06-30,7271,2021,2,2021-Q2
Topic,USA,SVOD subscribers,2021-06-30,6281,2021,2,2021-Q2
Nebula.tv,USA,SVOD subscribers,2021-06-30,193200,2021,2,2021-Q2
France channel,USA,SVOD subscribers,2021-06-30,5280,2021,2,2021-Q2
HiDive,USA,SVOD subscribers,2021-06-30,65646,2021,2,2021-Q2
Kocowa+,USA,SVOD subscribers,2021-06-30,60019,2021,2,2021-Q2
Britbox,USA,SVOD subscribers,2021-06-30,1386203,2021,2,2021-Q2
College Sports Live,USA,SVOD subscribers,2021-06-30,3429,2021,2,2021-Q2
Fox Nation,USA,SVOD subscribers,2021-06-30,283500,2021,2,2021-Q2
NFL Game Pass,USA,SVOD subscribers,2021-06-30,173582,2021,2,2021-Q2
Allblk,USA,SVOD subscribers,2021-06-30,72018,2021,2,2021-Q2
ESPN D2C,USA,SVOD subscribers,2021-06-30,14900000,2021,2,2021-Q2
Magellan TV Now,USA,SVOD subscribers,2021-06-30,35964,2021,2,2021-Q2
Qwest TV,USA,SVOD subscribers,2021-06-30,17689,2021,2,2021-Q2
Paramount+,USA,SVOD subscribers,2021-06-30,19719526,2021,2,2021-Q2
True Story,USA,SVOD subscribers,2021-06-30,1800,2021,2,2021-Q2
Tastemade+,USA,SVOD subscribers,2021-06-30,154132,2021,2,2021-Q2
The Criterion Channel,USA,SVOD subscribers,2021-06-30,39867,2021,2,2021-Q2
Film Movement PLus,USA,SVOD subscribers,2021-06-30,28498,2021,2,2021-Q2
Rooster Teeth,USA,SVOD subscribers,2021-06-30,282400,2021,2,2021-Q2
TYT Network,USA,SVOD subscribers,2021-06-30,33513,2021,2,2021-Q2
Fandor,USA,SVOD subscribers,2021-06-30,48084,2021,2,2021-Q2
Sun NXT,USA,SVOD subscribers,2021-06-30,11403,2021,2,2021-Q2
YouTube TV USA,USA,SVOD subscribers,2021-06-30,3341756,2021,2,2021-Q2
Laugh Out Loud,USA,SVOD subscribers,2021-06-30,11506,2021,2,2021-Q2
Motor Trend On Demand,USA,SVOD subscribers,2021-06-30,97363,2021,2,2021-Q2
Kartina.TV,USA,SVOD subscribers,2021-06-30,34560,2021,2,2021-Q2
Hoichoi,USA,SVOD subscribers,2021-06-30,8140,2021,2,2021-Q2
Boomerang,USA,SVOD subscribers,2021-06-30,273319,2021,2,2021-Q2
The Film Detective,USA,SVOD subscribers,2021-06-30,4568,2021,2,2021-Q2
F1 TV,USA,SVOD subscribers,2021-06-30,62628,2021,2,2021-Q2
Smithsonian Earth TV,USA,SVOD subscribers,2021-06-30,3803,2021,2,2021-Q2
FreeCast,USA,SVOD subscribers,2021-06-30,19757,2021,2,2021-Q2
NHL.TV,USA,SVOD subscribers,2021-06-30,602321,2021,2,2021-Q2
Sling TV,USA,SVOD subscribers,2021-06-30,2439000,2021,2,2021-Q2
Apple TV+,USA,SVOD subscribers,2021-06-30,21273358,2021,2,2021-Q2
NBA League Pass,USA,SVOD subscribers,2021-06-30,4325665,2021,2,2021-Q2
UFC Fight Pass,USA,SVOD subscribers,2021-06-30,564928,2021,2,2021-Q2
Pumpone,USA,SVOD subscribers,2021-06-30,4159,2021,2,2021-Q2
Hulu,USA,SVOD subscribers,2021-06-30,42800000,2021,2,2021-Q2
Netflix,USA,SVOD subscribers,2021-06-30,66616707,2021,2,2021-Q2
Disney+,USA,SVOD subscribers,2021-06-30,34110000,2021,2,2021-Q2
Tennis Channel Plus,USA,SVOD subscribers,2021-06-30,15585,2021,2,2021-Q2
MHz Choice,USA,SVOD subscribers,2021-06-30,171889,2021,2,2021-Q2
Vidgo,USA,SVOD subscribers,2021-06-30,65000,2021,2,2021-Q2
PaulaDeen.com,USA,SVOD subscribers,2021-06-30,40600,2021,2,2021-Q2
Crunchyroll,USA,SVOD subscribers,2021-06-30,2612997,2021,2,2021-Q2
MyOutdoorTV,USA,SVOD subscribers,2021-06-30,11230,2021,2,2021-Q2
Shudder,USA,SVOD subscribers,2021-06-30,871236,2021,2,2021-Q2
Pantaya,USA,SVOD subscribers,2021-06-30,933000,2021,2,2021-Q2
Met Opera on Demand,USA,SVOD subscribers,2021-06-30,31187,2021,2,2021-Q2
OVID,USA,SVOD subscribers,2021-06-30,1522,2021,2,2021-Q2
VRV,USA,SVOD subscribers,2021-06-30,474956,2021,2,2021-Q2
TVPlayer USA,USA,SVOD subscribers,2021-06-30,15000,2021,2,2021-Q2
Acorn TV,USA,SVOD subscribers,2021-06-30,1867587,2021,2,2021-Q2
CuriosityStream,USA,SVOD subscribers,2021-06-30,728280,2021,2,2021-Q2
Philo TV,USA,SVOD subscribers,2021-06-30,831465,2021,2,2021-Q2
Lifetime Movie Club,USA,SVOD subscribers,2021-06-30,238620,2021,2,2021-Q2
i-ON TV,USA,SVOD subscribers,2021-06-30,1725,2021,2,2021-Q2
Hi-YAH,USA,SVOD subscribers,2021-06-30,20990,2021,2,2021-Q2
Gaia.com,USA,SVOD subscribers,2021-06-30,507134,2021,2,2021-Q2
Demand Africa,USA,SVOD subscribers,2021-06-30,7842,2021,2,2021-Q2
Screambox,USA,SVOD subscribers,2021-06-30,60851,2021,2,2021-Q2
Qello Concerts,USA,SVOD subscribers,2021-06-30,14913,2021,2,2021-Q2
HBO Max (2020-2023),USA,SVOD subscribers,2021-06-30,22177200,2021,2,2021-Q2
Bleacher Report Live,USA,SVOD subscribers,2021-06-30,67269,2021,2,2021-Q2
Peacock Premium,USA,SVOD subscribers,2021-06-30,5295086,2021,2,2021-Q2
Noggin,USA,SVOD subscribers,2021-06-30,2625928,2021,2,2021-Q2
Yuppflix,USA,SVOD subscribers,2021-06-30,8308,2021,2,2021-Q2
OUTtv,USA,SVOD subscribers,2021-06-30,1983,2021,2,2021-Q2
Sundance Now,USA,SVOD subscribers,2021-06-30,880132,2021,2,2021-Q2
Hallmark+,USA,SVOD subscribers,2021-06-30,1102500,2021,2,2021-Q2
Mubi,USA,SVOD subscribers,2021-06-30,43344,2021,2,2021-Q2
Dekkoo,USA,SVOD subscribers,2021-06-30,3370,2021,2,2021-Q2
WOW Presents Plus,USA,SVOD subscribers,2021-06-30,34015,2021,2,2021-Q2
Dropout,USA,SVOD subscribers,2021-06-30,146696,2021,2,2021-Q2
BlazeTV+,USA,SVOD subscribers,2021-06-30,461694,2021,2,2021-Q2
Arrow Player,USA,SVOD subscribers,2021-06-30,21744,2021,2,2021-Q2
Brown Sugar,USA,SVOD subscribers,2021-06-30,5041,2021,2,2021-Q2
Frndly TV,USA,SVOD subscribers,2021-06-30,500000,2021,2,2021-Q2
FUNimation,USA,SVOD subscribers,2021-06-30,97316,2021,2,2021-Q2
History Vault,USA,SVOD subscribers,2021-06-30,10156,2021,2,2021-Q2
BET+,USA,SVOD subscribers,2021-06-30,1014174,2021,2,2021-Q2
Retrocrush,USA,SVOD subscribers,2021-06-30,26182,2021,2,2021-Q2
Flixfling,USA,SVOD subscribers,2021-06-30,3748,2021,2,2021-Q2
HooplaKidz Plus,USA,SVOD subscribers,2021-06-30,15756,2021,2,2021-Q2
Dazn,USA,SVOD subscribers,2021-06-30,850986,2021,2,2021-Q2
Fubo.tv USA,USA,SVOD subscribers,2021-06-30,613549,2021,2,2021-Q2
YouTube Premium,USA,SVOD subscribers,2021-06-30,8270690,2021,2,2021-Q2
WatchTV,USA,SVOD subscribers,2021-06-30,105594,2021,2,2021-Q2
Cultpix,USA,SVOD subscribers,2021-06-30,21927,2021,2,2021-Q2
Flix Premiere,USA,SVOD subscribers,2021-06-30,62745,2021,2,2021-Q2
Univision Now,USA,SVOD subscribers,2021-06-30,20639,2021,2,2021-Q2
Dove Channel,USA,SVOD subscribers,2021-06-30,200152,2021,2,2021-Q2
Rabbit TV Plus,USA,SVOD subscribers,2021-06-30,14281,2021,2,2021-Q2
Discovery+,USA,SVOD subscribers,2021-06-30,7629600,2021,2,2021-Q2
Pureflix,USA,SVOD subscribers,2021-06-30,632350,2021,2,2021-Q2
Izzy Stream Israel,USA,SVOD subscribers,2021-06-30,12012,2021,2,2021-Q2
Starz,USA,SVOD subscribers,2021-06-30,9700000,2021,2,2021-Q2
Eros Now,USA,SVOD subscribers,2021-06-30,82320,2021,2,2021-Q2
Struum,USA,SVOD subscribers,2021-06-30,183504,2021,2,2021-Q2
Night Flight Plus,USA,SVOD subscribers,2021-06-30,7549,2021,2,2021-Q2
Mubi,USA,SVOD subscribers,2021-09-30,45294,2021,3,2021-Q3
HiDive,USA,SVOD subscribers,2021-09-30,69585,2021,3,2021-Q3
Yuppflix,USA,SVOD subscribers,2021-09-30,8391,2021,3,2021-Q3
Screambox,USA,SVOD subscribers,2021-09-30,65414,2021,3,2021-Q3
Magellan TV Now,USA,SVOD subscribers,2021-09-30,38661,2021,3,2021-Q3
Bleacher Report Live,USA,SVOD subscribers,2021-09-30,68614,2021,3,2021-Q3
FloSports,USA,SVOD subscribers,2021-09-30,527559,2021,3,2021-Q3
Retrocrush,USA,SVOD subscribers,2021-09-30,28305,2021,3,2021-Q3
AsianCrush,USA,SVOD subscribers,2021-09-30,28413,2021,3,2021-Q3
Qello Concerts,USA,SVOD subscribers,2021-09-30,15063,2021,3,2021-Q3
Viki,USA,SVOD subscribers,2021-09-30,139977,2021,3,2021-Q3
Broadway HD,USA,SVOD subscribers,2021-09-30,7417,2021,3,2021-Q3
MLB.TV,USA,SVOD subscribers,2021-09-30,3822511,2021,3,2021-Q3
Flix Premiere,USA,SVOD subscribers,2021-09-30,65882,2021,3,2021-Q3
TYT Network,USA,SVOD subscribers,2021-09-30,34518,2021,3,2021-Q3
CuriosityStream,USA,SVOD subscribers,2021-09-30,742846,2021,3,2021-Q3
NBA League Pass,USA,SVOD subscribers,2021-09-30,3893098,2021,3,2021-Q3
Film Movement PLus,USA,SVOD subscribers,2021-09-30,29923,2021,3,2021-Q3
ESPN D2C,USA,SVOD subscribers,2021-09-30,17100000,2021,3,2021-Q3
Philo TV,USA,SVOD subscribers,2021-09-30,848095,2021,3,2021-Q3
Flixfling,USA,SVOD subscribers,2021-09-30,3823,2021,3,2021-Q3
Netflix,USA,SVOD subscribers,2021-09-30,66682467,2021,3,2021-Q3
Eros Now,USA,SVOD subscribers,2021-09-30,88494,2021,3,2021-Q3
F1 TV,USA,SVOD subscribers,2021-09-30,82200,2021,3,2021-Q3
Pureflix,USA,SVOD subscribers,2021-09-30,653218,2021,3,2021-Q3
Night Flight Plus,USA,SVOD subscribers,2021-09-30,7436,2021,3,2021-Q3
YouTube TV USA,USA,SVOD subscribers,2021-09-30,4177195,2021,3,2021-Q3
OVID,USA,SVOD subscribers,2021-09-30,1638,2021,3,2021-Q3
Fanatiz,USA,SVOD subscribers,2021-09-30,4580,2021,3,2021-Q3
The Film Detective,USA,SVOD subscribers,2021-09-30,4911,2021,3,2021-Q3
Pantaya,USA,SVOD subscribers,2021-09-30,951660,2021,3,2021-Q3
WatchTV,USA,SVOD subscribers,2021-09-30,95035,2021,3,2021-Q3
Crunchyroll,USA,SVOD subscribers,2021-09-30,2836583,2021,3,2021-Q3
VRV,USA,SVOD subscribers,2021-09-30,479706,2021,3,2021-Q3
Poker Go,USA,SVOD subscribers,2021-09-30,7883,2021,3,2021-Q3
Dazn,USA,SVOD subscribers,2021-09-30,868006,2021,3,2021-Q3
History Vault,USA,SVOD subscribers,2021-09-30,10359,2021,3,2021-Q3
Kocowa+,USA,SVOD subscribers,2021-09-30,61219,2021,3,2021-Q3
Chaiflicks,USA,SVOD subscribers,2021-09-30,13870,2021,3,2021-Q3
Metrograph,USA,SVOD subscribers,2021-09-30,25257,2021,3,2021-Q3
AMC Plus,USA,SVOD subscribers,2021-09-30,4258800,2021,3,2021-Q3
Lifetime Movie Club,USA,SVOD subscribers,2021-09-30,255840,2021,3,2021-Q3
Gaia.com,USA,SVOD subscribers,2021-09-30,519812,2021,3,2021-Q3
Univision Now,USA,SVOD subscribers,2021-09-30,20845,2021,3,2021-Q3
Brown Sugar,USA,SVOD subscribers,2021-09-30,5218,2021,3,2021-Q3
Discovery+,USA,SVOD subscribers,2021-09-30,9873600,2021,3,2021-Q3
Rabbit TV Plus,USA,SVOD subscribers,2021-09-30,14931,2021,3,2021-Q3
Fubo.tv USA,USA,SVOD subscribers,2021-09-30,850145,2021,3,2021-Q3
Acorn TV,USA,SVOD subscribers,2021-09-30,1998318,2021,3,2021-Q3
BET+,USA,SVOD subscribers,2021-09-30,1165717,2021,3,2021-Q3
FUNimation,USA,SVOD subscribers,2021-09-30,98776,2021,3,2021-Q3
Struum,USA,SVOD subscribers,2021-09-30,201854,2021,3,2021-Q3
Boomerang,USA,SVOD subscribers,2021-09-30,281518,2021,3,2021-Q3
Nebula.tv,USA,SVOD subscribers,2021-09-30,210000,2021,3,2021-Q3
HooplaKidz Plus,USA,SVOD subscribers,2021-09-30,15913,2021,3,2021-Q3
Fox Nation,USA,SVOD subscribers,2021-09-30,382725,2021,3,2021-Q3
Dove Channel,USA,SVOD subscribers,2021-09-30,344435,2021,3,2021-Q3
HBO Max (2020-2023),USA,SVOD subscribers,2021-09-30,18289980,2021,3,2021-Q3
Cultpix,USA,SVOD subscribers,2021-09-30,23571,2021,3,2021-Q3
TVPlayer USA,USA,SVOD subscribers,2021-09-30,19500,2021,3,2021-Q3
Izzy Stream Israel,USA,SVOD subscribers,2021-09-30,13213,2021,3,2021-Q3
Hi-YAH,USA,SVOD subscribers,2021-09-30,21410,2021,3,2021-Q3
Tennis Channel Plus,USA,SVOD subscribers,2021-09-30,18702,2021,3,2021-Q3
Vidgo,USA,SVOD subscribers,2021-09-30,71500,2021,3,2021-Q3
Peacock Premium,USA,SVOD subscribers,2021-09-30,7522804,2021,3,2021-Q3
Noggin,USA,SVOD subscribers,2021-09-30,2652187,2021,3,2021-Q3
Sundance Now,USA,SVOD subscribers,2021-09-30,924139,2021,3,2021-Q3
Demand Africa,USA,SVOD subscribers,2021-09-30,8313,2021,3,2021-Q3
Dekkoo,USA,SVOD subscribers,2021-09-30,3460,2021,3,2021-Q3
Arrow Player,USA,SVOD subscribers,2021-09-30,23376,2021,3,2021-Q3
Hallmark+,USA,SVOD subscribers,2021-09-30,1157625,2021,3,2021-Q3
WOW Presents Plus,USA,SVOD subscribers,2021-09-30,34866,2021,3,2021-Q3
Shudder,USA,SVOD subscribers,2021-09-30,932222,2021,3,2021-Q3
BlazeTV+,USA,SVOD subscribers,2021-09-30,466311,2021,3,2021-Q3
OUTtv,USA,SVOD subscribers,2021-09-30,2033,2021,3,2021-Q3
Dropout,USA,SVOD subscribers,2021-09-30,167233,2021,3,2021-Q3
PaulaDeen.com,USA,SVOD subscribers,2021-09-30,40194,2021,3,2021-Q3
MyOutdoorTV,USA,SVOD subscribers,2021-09-30,11460,2021,3,2021-Q3
Fuse+,USA,SVOD subscribers,2021-09-30,41834,2021,3,2021-Q3
i-ON TV,USA,SVOD subscribers,2021-09-30,1725,2021,3,2021-Q3
Met Opera on Demand,USA,SVOD subscribers,2021-09-30,31811,2021,3,2021-Q3
Starz,USA,SVOD subscribers,2021-09-30,10400000,2021,3,2021-Q3
Showtime Streaming,USA,SVOD subscribers,2021-09-30,11237728,2021,3,2021-Q3
YouTube Premium,USA,SVOD subscribers,2021-09-30,8712618,2021,3,2021-Q3
DirecTV Stream,USA,SVOD subscribers,2021-09-30,1625181,2021,3,2021-Q3
Apple TV+,USA,SVOD subscribers,2021-09-30,24464361,2021,3,2021-Q3
Smithsonian Earth TV,USA,SVOD subscribers,2021-09-30,3879,2021,3,2021-Q3
Qwest TV,USA,SVOD subscribers,2021-09-30,20343,2021,3,2021-Q3
MHz Choice,USA,SVOD subscribers,2021-09-30,189078,2021,3,2021-Q3
Hoichoi,USA,SVOD subscribers,2021-09-30,8960,2021,3,2021-Q3
Motor Trend On Demand,USA,SVOD subscribers,2021-09-30,99310,2021,3,2021-Q3
Laugh Out Loud,USA,SVOD subscribers,2021-09-30,11736,2021,3,2021-Q3
Hulu,USA,SVOD subscribers,2021-09-30,43700000,2021,3,2021-Q3
Sun NXT,USA,SVOD subscribers,2021-09-30,12540,2021,3,2021-Q3
True Story,USA,SVOD subscribers,2021-09-30,2160,2021,3,2021-Q3
Rooster Teeth,USA,SVOD subscribers,2021-09-30,285224,2021,3,2021-Q3
Curia,USA,SVOD subscribers,2021-09-30,5000,2021,3,2021-Q3
The Criterion Channel,USA,SVOD subscribers,2021-09-30,43256,2021,3,2021-Q3
Kartina.TV,USA,SVOD subscribers,2021-09-30,37440,2021,3,2021-Q3
Allblk,USA,SVOD subscribers,2021-09-30,74539,2021,3,2021-Q3
UFC Fight Pass,USA,SVOD subscribers,2021-09-30,573402,2021,3,2021-Q3
Paramount+,USA,SVOD subscribers,2021-09-30,23374526,2021,3,2021-Q3
Tastemade+,USA,SVOD subscribers,2021-09-30,165692,2021,3,2021-Q3
Fandor,USA,SVOD subscribers,2021-09-30,49046,2021,3,2021-Q3
Britbox,USA,SVOD subscribers,2021-09-30,1524823,2021,3,2021-Q3
France channel,USA,SVOD subscribers,2021-09-30,10560,2021,3,2021-Q3
College Sports Live,USA,SVOD subscribers,2021-09-30,3772,2021,3,2021-Q3
BossTV,USA,SVOD subscribers,2021-09-30,29109,2021,3,2021-Q3
Topic,USA,SVOD subscribers,2021-09-30,6752,2021,3,2021-Q3
Wow! TV+,USA,SVOD subscribers,2021-09-30,57821,2021,3,2021-Q3
PBS Passport,USA,SVOD subscribers,2021-09-30,176877,2021,3,2021-Q3
Amazon Prime Video,USA,SVOD subscribers,2021-09-30,89119118,2021,3,2021-Q3
Sling TV,USA,SVOD subscribers,2021-09-30,2556000,2021,3,2021-Q3
Kinetic TV,USA,SVOD subscribers,2021-09-30,147567,2021,3,2021-Q3
C Spire,USA,SVOD subscribers,2021-09-30,118400,2021,3,2021-Q3
FreeCast,USA,SVOD subscribers,2021-09-30,21239,2021,3,2021-Q3
Indieflix,USA,SVOD subscribers,2021-09-30,5735,2021,3,2021-Q3
Disney+,USA,SVOD subscribers,2021-09-30,34920000,2021,3,2021-Q3
NFL Game Pass,USA,SVOD subscribers,2021-09-30,175318,2021,3,2021-Q3
Frndly TV,USA,SVOD subscribers,2021-09-30,531915,2021,3,2021-Q3
Pumpone,USA,SVOD subscribers,2021-09-30,4242,2021,3,2021-Q3
Frndly TV,USA,SVOD subscribers,2021-12-31,565867,2021,4,2021-Q4
Kartina.TV,USA,SVOD subscribers,2021-12-31,40320,2021,4,2021-Q4
Izzy Stream Israel,USA,SVOD subscribers,2021-12-31,14535,2021,4,2021-Q4
Demand Africa,USA,SVOD subscribers,2021-12-31,8811,2021,4,2021-Q4
Qwest TV,USA,SVOD subscribers,2021-12-31,23394,2021,4,2021-Q4
HiDive,USA,SVOD subscribers,2021-12-31,89100,2021,4,2021-Q4
AMC Plus,USA,SVOD subscribers,2021-12-31,4315500,2021,4,2021-Q4
Fox Nation,USA,SVOD subscribers,2021-12-31,516679,2021,4,2021-Q4
FreeCast,USA,SVOD subscribers,2021-12-31,22832,2021,4,2021-Q4
BossTV,USA,SVOD subscribers,2021-12-31,20377,2021,4,2021-Q4
Discovery+,USA,SVOD subscribers,2021-12-31,11404008,2021,4,2021-Q4
ESPN D2C,USA,SVOD subscribers,2021-12-31,21300000,2021,4,2021-Q4
VRV,USA,SVOD subscribers,2021-12-31,484503,2021,4,2021-Q4
Vidgo,USA,SVOD subscribers,2021-12-31,64350,2021,4,2021-Q4
Curia,USA,SVOD subscribers,2021-12-31,7000,2021,4,2021-Q4
Peacock Premium,USA,SVOD subscribers,2021-12-31,9084592,2021,4,2021-Q4
Wow! TV+,USA,SVOD subscribers,2021-12-31,63603,2021,4,2021-Q4
MLB.TV,USA,SVOD subscribers,2021-12-31,3631386,2021,4,2021-Q4
Kinetic TV,USA,SVOD subscribers,2021-12-31,169702,2021,4,2021-Q4
Film Movement PLus,USA,SVOD subscribers,2021-12-31,31419,2021,4,2021-Q4
Disney+,USA,SVOD subscribers,2021-12-31,38610000,2021,4,2021-Q4
France channel,USA,SVOD subscribers,2021-12-31,13200,2021,4,2021-Q4
Apple TV+,USA,SVOD subscribers,2021-12-31,23241143,2021,4,2021-Q4
Hoichoi,USA,SVOD subscribers,2021-12-31,9850,2021,4,2021-Q4
NBA League Pass,USA,SVOD subscribers,2021-12-31,4360270,2021,4,2021-Q4
Netflix,USA,SVOD subscribers,2021-12-31,67823203,2021,4,2021-Q4
Sun NXT,USA,SVOD subscribers,2021-12-31,13790,2021,4,2021-Q4
Paramount+,USA,SVOD subscribers,2021-12-31,31364526,2021,4,2021-Q4
The Criterion Channel,USA,SVOD subscribers,2021-12-31,46716,2021,4,2021-Q4
UFC Fight Pass,USA,SVOD subscribers,2021-12-31,582003,2021,4,2021-Q4
Amazon Prime Video,USA,SVOD subscribers,2021-12-31,93575073,2021,4,2021-Q4
Eros Now,USA,SVOD subscribers,2021-12-31,95131,2021,4,2021-Q4
MHz Choice,USA,SVOD subscribers,2021-12-31,198532,2021,4,2021-Q4
Dove Channel,USA,SVOD subscribers,2021-12-31,488717,2021,4,2021-Q4
Struum,USA,SVOD subscribers,2021-12-31,211947,2021,4,2021-Q4
Magellan TV Now,USA,SVOD subscribers,2021-12-31,41561,2021,4,2021-Q4
Dekkoo,USA,SVOD subscribers,2021-12-31,3550,2021,4,2021-Q4
Mubi,USA,SVOD subscribers,2021-12-31,47332,2021,4,2021-Q4
OUTtv,USA,SVOD subscribers,2021-12-31,2083,2021,4,2021-Q4
WOW Presents Plus,USA,SVOD subscribers,2021-12-31,35737,2021,4,2021-Q4
MyOutdoorTV,USA,SVOD subscribers,2021-12-31,11690,2021,4,2021-Q4
Hi-YAH,USA,SVOD subscribers,2021-12-31,21840,2021,4,2021-Q4
HBO Max (2020-2023),USA,SVOD subscribers,2021-12-31,19895980,2021,4,2021-Q4
Crunchyroll,USA,SVOD subscribers,2021-12-31,3161471,2021,4,2021-Q4
Viki,USA,SVOD subscribers,2021-12-31,146976,2021,4,2021-Q4
Brown Sugar,USA,SVOD subscribers,2021-12-31,6363,2021,4,2021-Q4
CuriosityStream,USA,SVOD subscribers,2021-12-31,757703,2021,4,2021-Q4
TVPlayer USA,USA,SVOD subscribers,2021-12-31,23400,2021,4,2021-Q4
BET+,USA,SVOD subscribers,2021-12-31,1339905,2021,4,2021-Q4
Dazn,USA,SVOD subscribers,2021-12-31,885366,2021,4,2021-Q4
HooplaKidz Plus,USA,SVOD subscribers,2021-12-31,16072,2021,4,2021-Q4
Flix Premiere,USA,SVOD subscribers,2021-12-31,69176,2021,4,2021-Q4
Lifetime Movie Club,USA,SVOD subscribers,2021-12-31,270600,2021,4,2021-Q4
Viaplay,USA,SVOD subscribers,2021-12-31,6000,2021,4,2021-Q4
Qello Concerts,USA,SVOD subscribers,2021-12-31,15213,2021,4,2021-Q4
YouTube TV USA,USA,SVOD subscribers,2021-12-31,4406941,2021,4,2021-Q4
Fubo.tv USA,USA,SVOD subscribers,2021-12-31,1017000,2021,4,2021-Q4
Fanatiz,USA,SVOD subscribers,2021-12-31,4626,2021,4,2021-Q4
Gaia.com,USA,SVOD subscribers,2021-12-31,532807,2021,4,2021-Q4
Acorn TV,USA,SVOD subscribers,2021-12-31,2025000,2021,4,2021-Q4
Poker Go,USA,SVOD subscribers,2021-12-31,7962,2021,4,2021-Q4
Met Opera on Demand,USA,SVOD subscribers,2021-12-31,32447,2021,4,2021-Q4
Retrocrush,USA,SVOD subscribers,2021-12-31,30600,2021,4,2021-Q4
Cultpix,USA,SVOD subscribers,2021-12-31,25339,2021,4,2021-Q4
Kocowa+,USA,SVOD subscribers,2021-12-31,62444,2021,4,2021-Q4
History Vault,USA,SVOD subscribers,2021-12-31,10566,2021,4,2021-Q4
BlazeTV+,USA,SVOD subscribers,2021-12-31,470974,2021,4,2021-Q4
Flixfling,USA,SVOD subscribers,2021-12-31,3900,2021,4,2021-Q4
Hallmark+,USA,SVOD subscribers,2021-12-31,1215506,2021,4,2021-Q4
Noggin,USA,SVOD subscribers,2021-12-31,2678709,2021,4,2021-Q4
Arrow Player,USA,SVOD subscribers,2021-12-31,25136,2021,4,2021-Q4
Philo TV,USA,SVOD subscribers,2021-12-31,865056,2021,4,2021-Q4
Tennis Channel Plus,USA,SVOD subscribers,2021-12-31,16832,2021,4,2021-Q4
PaulaDeen.com,USA,SVOD subscribers,2021-12-31,39792,2021,4,2021-Q4
OVID,USA,SVOD subscribers,2021-12-31,1740,2021,4,2021-Q4
FUNimation,USA,SVOD subscribers,2021-12-31,100258,2021,4,2021-Q4
TYT Network,USA,SVOD subscribers,2021-12-31,35554,2021,4,2021-Q4
True Story,USA,SVOD subscribers,2021-12-31,2592,2021,4,2021-Q4
Rooster Teeth,USA,SVOD subscribers,2021-12-31,288077,2021,4,2021-Q4
Smithsonian Earth TV,USA,SVOD subscribers,2021-12-31,3956,2021,4,2021-Q4
Allblk,USA,SVOD subscribers,2021-12-31,90900,2021,4,2021-Q4
Pumpone,USA,SVOD subscribers,2021-12-31,4327,2021,4,2021-Q4
Motor Trend On Demand,USA,SVOD subscribers,2021-12-31,101296,2021,4,2021-Q4
NFL Game Pass,USA,SVOD subscribers,2021-12-31,184084,2021,4,2021-Q4
C Spire,USA,SVOD subscribers,2021-12-31,114848,2021,4,2021-Q4
The Film Detective,USA,SVOD subscribers,2021-12-31,5279,2021,4,2021-Q4
Topic,USA,SVOD subscribers,2021-12-31,7258,2021,4,2021-Q4
Chaiflicks,USA,SVOD subscribers,2021-12-31,15260,2021,4,2021-Q4
College Sports Live,USA,SVOD subscribers,2021-12-31,4149,2021,4,2021-Q4
PBS Passport,USA,SVOD subscribers,2021-12-31,175108,2021,4,2021-Q4
Britbox,USA,SVOD subscribers,2021-12-31,1601064,2021,4,2021-Q4
DirecTV Stream,USA,SVOD subscribers,2021-12-31,1722692,2021,4,2021-Q4
Starz,USA,SVOD subscribers,2021-12-31,11000000,2021,4,2021-Q4
YouTube Premium,USA,SVOD subscribers,2021-12-31,9154546,2021,4,2021-Q4
FloSports,USA,SVOD subscribers,2021-12-31,580315,2021,4,2021-Q4
Indieflix,USA,SVOD subscribers,2021-12-31,5850,2021,4,2021-Q4
Pantaya,USA,SVOD subscribers,2021-12-31,970693,2021,4,2021-Q4
Fuse+,USA,SVOD subscribers,2021-12-31,48086,2021,4,2021-Q4
Showtime Streaming,USA,SVOD subscribers,2021-12-31,12024369,2021,4,2021-Q4
AsianCrush,USA,SVOD subscribers,2021-12-31,28981,2021,4,2021-Q4
Metrograph,USA,SVOD subscribers,2021-12-31,28063,2021,4,2021-Q4
Hulu,USA,SVOD subscribers,2021-12-31,45200000,2021,4,2021-Q4
F1 TV,USA,SVOD subscribers,2021-12-31,80243,2021,4,2021-Q4
Tastemade+,USA,SVOD subscribers,2021-12-31,178119,2021,4,2021-Q4
Fandor,USA,SVOD subscribers,2021-12-31,50027,2021,4,2021-Q4
Sling TV,USA,SVOD subscribers,2021-12-31,2486000,2021,4,2021-Q4
Broadway HD,USA,SVOD subscribers,2021-12-31,7565,2021,4,2021-Q4
Pureflix,USA,SVOD subscribers,2021-12-31,674774,2021,4,2021-Q4
Night Flight Plus,USA,SVOD subscribers,2021-12-31,7324,2021,4,2021-Q4
Nebula.tv,USA,SVOD subscribers,2021-12-31,237300,2021,4,2021-Q4
Boomerang,USA,SVOD subscribers,2021-12-31,289964,2021,4,2021-Q4
Yuppflix,USA,SVOD subscribers,2021-12-31,8475,2021,4,2021-Q4
Univision Now,USA,SVOD subscribers,2021-12-31,21053,2021,4,2021-Q4
i-ON TV,USA,SVOD subscribers,2021-12-31,1725,2021,4,2021-Q4
Laugh Out Loud,USA,SVOD subscribers,2021-12-31,11971,2021,4,2021-Q4
Dropout,USA,SVOD subscribers,2021-12-31,190645,2021,4,2021-Q4
Sundance Now,USA,SVOD subscribers,2021-12-31,945000,2021,4,2021-Q4
Screambox,USA,SVOD subscribers,2021-12-31,81768,2021,4,2021-Q4
Shudder,USA,SVOD subscribers,2021-12-31,1035000,2021,4,2021-Q4
BlazeTV+,USA,SVOD subscribers,2022-03-31,475684,2022,1,2022-Q1
Arrow Player,USA,SVOD subscribers,2022-03-31,27024,2022,1,2022-Q1
Frndly TV,USA,SVOD subscribers,2022-03-31,601986,2022,1,2022-Q1
Kinetic TV,USA,SVOD subscribers,2022-03-31,195157,2022,1,2022-Q1
Qwest TV,USA,SVOD subscribers,2022-03-31,26903,2022,1,2022-Q1
PBS Passport,USA,SVOD subscribers,2022-03-31,173357,2022,1,2022-Q1
Britbox,USA,SVOD subscribers,2022-03-31,1681117,2022,1,2022-Q1
Wow! TV+,USA,SVOD subscribers,2022-03-31,69964,2022,1,2022-Q1
Tennis Channel Plus,USA,SVOD subscribers,2022-03-31,18515,2022,1,2022-Q1
FreeCast,USA,SVOD subscribers,2022-03-31,24545,2022,1,2022-Q1
Starz,USA,SVOD subscribers,2022-03-31,11500000,2022,1,2022-Q1
MHz Choice,USA,SVOD subscribers,2022-03-31,208459,2022,1,2022-Q1
Fandor,USA,SVOD subscribers,2022-03-31,51027,2022,1,2022-Q1
Peacock Premium,USA,SVOD subscribers,2022-03-31,13164741,2022,1,2022-Q1
C Spire,USA,SVOD subscribers,2022-03-31,111402,2022,1,2022-Q1
Hulu,USA,SVOD subscribers,2022-03-31,45500000,2022,1,2022-Q1
True Story,USA,SVOD subscribers,2022-03-31,3110,2022,1,2022-Q1
Shudder,USA,SVOD subscribers,2022-03-31,1092500,2022,1,2022-Q1
Smithsonian Earth TV,USA,SVOD subscribers,2022-03-31,4035,2022,1,2022-Q1
Viaplay,USA,SVOD subscribers,2022-03-31,11000,2022,1,2022-Q1
Hoichoi,USA,SVOD subscribers,2022-03-31,10840,2022,1,2022-Q1
The Criterion Channel,USA,SVOD subscribers,2022-03-31,50453,2022,1,2022-Q1
Sling TV,USA,SVOD subscribers,2022-03-31,2252000,2022,1,2022-Q1
Kartina.TV,USA,SVOD subscribers,2022-03-31,43200,2022,1,2022-Q1
Pumpone,USA,SVOD subscribers,2022-03-31,4413,2022,1,2022-Q1
Tastemade+,USA,SVOD subscribers,2022-03-31,191478,2022,1,2022-Q1
Disney+,USA,SVOD subscribers,2022-03-31,39960000,2022,1,2022-Q1
France channel,USA,SVOD subscribers,2022-03-31,15840,2022,1,2022-Q1
NFL Game Pass,USA,SVOD subscribers,2022-03-31,180402,2022,1,2022-Q1
Vidgo,USA,SVOD subscribers,2022-03-31,54698,2022,1,2022-Q1
Apple TV+,USA,SVOD subscribers,2022-03-31,22079086,2022,1,2022-Q1
Nebula.tv,USA,SVOD subscribers,2022-03-31,272895,2022,1,2022-Q1
DirecTV Stream,USA,SVOD subscribers,2022-03-31,1860507,2022,1,2022-Q1
Dove Channel,USA,SVOD subscribers,2022-03-31,633000,2022,1,2022-Q1
Lifetime Movie Club,USA,SVOD subscribers,2022-03-31,282900,2022,1,2022-Q1
Met Opera on Demand,USA,SVOD subscribers,2022-03-31,33096,2022,1,2022-Q1
Fox Nation,USA,SVOD subscribers,2022-03-31,697516,2022,1,2022-Q1
AMC Plus,USA,SVOD subscribers,2022-03-31,4555250,2022,1,2022-Q1
Hi-YAH,USA,SVOD subscribers,2022-03-31,22270,2022,1,2022-Q1
PaulaDeen.com,USA,SVOD subscribers,2022-03-31,39394,2022,1,2022-Q1
Hallmark+,USA,SVOD subscribers,2022-03-31,1276282,2022,1,2022-Q1
i-ON TV,USA,SVOD subscribers,2022-03-31,1725,2022,1,2022-Q1
Izzy Stream Israel,USA,SVOD subscribers,2022-03-31,15988,2022,1,2022-Q1
Sun NXT,USA,SVOD subscribers,2022-03-31,15170,2022,1,2022-Q1
MyOutdoorTV,USA,SVOD subscribers,2022-03-31,12860,2022,1,2022-Q1
Dropout,USA,SVOD subscribers,2022-03-31,217336,2022,1,2022-Q1
WOW Presents Plus,USA,SVOD subscribers,2022-03-31,36631,2022,1,2022-Q1
Fuse+,USA,SVOD subscribers,2022-03-31,63329,2022,1,2022-Q1
Univision Now,USA,SVOD subscribers,2022-03-31,21264,2022,1,2022-Q1
Acorn TV,USA,SVOD subscribers,2022-03-31,2137500,2022,1,2022-Q1
Boomerang,USA,SVOD subscribers,2022-03-31,298663,2022,1,2022-Q1
Gaia.com,USA,SVOD subscribers,2022-03-31,546128,2022,1,2022-Q1
Struum,USA,SVOD subscribers,2022-03-31,222544,2022,1,2022-Q1
YouTube Premium,USA,SVOD subscribers,2022-03-31,10378571,2022,1,2022-Q1
FUNimation,USA,SVOD subscribers,2022-03-31,101762,2022,1,2022-Q1
HooplaKidz Plus,USA,SVOD subscribers,2022-03-31,16233,2022,1,2022-Q1
Dekkoo,USA,SVOD subscribers,2022-03-31,3630,2022,1,2022-Q1
Noggin,USA,SVOD subscribers,2022-03-31,2705496,2022,1,2022-Q1
HBO Max (2020-2023),USA,SVOD subscribers,2022-03-31,21068381,2022,1,2022-Q1
Showtime Streaming,USA,SVOD subscribers,2022-03-31,12505343,2022,1,2022-Q1
Fubo.tv USA,USA,SVOD subscribers,2022-03-31,950621,2022,1,2022-Q1
Discovery+,USA,SVOD subscribers,2022-03-31,12129718,2022,1,2022-Q1
Cultpix,USA,SVOD subscribers,2022-03-31,27240,2022,1,2022-Q1
BET+,USA,SVOD subscribers,2022-03-31,1540121,2022,1,2022-Q1
Brown Sugar,USA,SVOD subscribers,2022-03-31,6717,2022,1,2022-Q1
TVPlayer USA,USA,SVOD subscribers,2022-03-31,28080,2022,1,2022-Q1
Demand Africa,USA,SVOD subscribers,2022-03-31,9340,2022,1,2022-Q1
OUTtv,USA,SVOD subscribers,2022-03-31,2136,2022,1,2022-Q1
Sundance Now,USA,SVOD subscribers,2022-03-31,997500,2022,1,2022-Q1
AsianCrush,USA,SVOD subscribers,2022-03-31,29561,2022,1,2022-Q1
Retrocrush,USA,SVOD subscribers,2022-03-31,32436,2022,1,2022-Q1
Flixfling,USA,SVOD subscribers,2022-03-31,3978,2022,1,2022-Q1
History Vault,USA,SVOD subscribers,2022-03-31,10777,2022,1,2022-Q1
Eros Now,USA,SVOD subscribers,2022-03-31,102266,2022,1,2022-Q1
Kocowa+,USA,SVOD subscribers,2022-03-31,63692,2022,1,2022-Q1
Laugh Out Loud,USA,SVOD subscribers,2022-03-31,12210,2022,1,2022-Q1
Poker Go,USA,SVOD subscribers,2022-03-31,8042,2022,1,2022-Q1
MLB.TV,USA,SVOD subscribers,2022-03-31,3449816,2022,1,2022-Q1
Film Movement PLus,USA,SVOD subscribers,2022-03-31,32990,2022,1,2022-Q1
NBA League Pass,USA,SVOD subscribers,2022-03-31,4578284,2022,1,2022-Q1
Fanatiz,USA,SVOD subscribers,2022-03-31,4673,2022,1,2022-Q1
YouTube TV USA,USA,SVOD subscribers,2022-03-31,4693392,2022,1,2022-Q1
Netflix,USA,SVOD subscribers,2022-03-31,67216065,2022,1,2022-Q1
TYT Network,USA,SVOD subscribers,2022-03-31,36620,2022,1,2022-Q1
The Film Detective,USA,SVOD subscribers,2022-03-31,5675,2022,1,2022-Q1
FloSports,USA,SVOD subscribers,2022-03-31,609331,2022,1,2022-Q1
Dazn,USA,SVOD subscribers,2022-03-31,973903,2022,1,2022-Q1
OVID,USA,SVOD subscribers,2022-03-31,1839,2022,1,2022-Q1
Philo TV,USA,SVOD subscribers,2022-03-31,882358,2022,1,2022-Q1
Flix Premiere,USA,SVOD subscribers,2022-03-31,72635,2022,1,2022-Q1
Metrograph,USA,SVOD subscribers,2022-03-31,29467,2022,1,2022-Q1
HiDive,USA,SVOD subscribers,2022-03-31,94050,2022,1,2022-Q1
F1 TV,USA,SVOD subscribers,2022-03-31,100700,2022,1,2022-Q1
ESPN D2C,USA,SVOD subscribers,2022-03-31,22300000,2022,1,2022-Q1
Broadway HD,USA,SVOD subscribers,2022-03-31,7716,2022,1,2022-Q1
Pureflix,USA,SVOD subscribers,2022-03-31,697042,2022,1,2022-Q1
Yuppflix,USA,SVOD subscribers,2022-03-31,8560,2022,1,2022-Q1
Viki,USA,SVOD subscribers,2022-03-31,154325,2022,1,2022-Q1
VRV,USA,SVOD subscribers,2022-03-31,489348,2022,1,2022-Q1
Night Flight Plus,USA,SVOD subscribers,2022-03-31,7215,2022,1,2022-Q1
Mubi,USA,SVOD subscribers,2022-03-31,49462,2022,1,2022-Q1
Qello Concerts,USA,SVOD subscribers,2022-03-31,15365,2022,1,2022-Q1
Screambox,USA,SVOD subscribers,2022-03-31,98122,2022,1,2022-Q1
Crunchyroll,USA,SVOD subscribers,2022-03-31,3390030,2022,1,2022-Q1
Pantaya,USA,SVOD subscribers,2022-03-31,990107,2022,1,2022-Q1
CuriosityStream,USA,SVOD subscribers,2022-03-31,772857,2022,1,2022-Q1
Magellan TV Now,USA,SVOD subscribers,2022-03-31,44678,2022,1,2022-Q1
College Sports Live,USA,SVOD subscribers,2022-03-31,4564,2022,1,2022-Q1
Chaiflicks,USA,SVOD subscribers,2022-03-31,16790,2022,1,2022-Q1
Rooster Teeth,USA,SVOD subscribers,2022-03-31,290957,2022,1,2022-Q1
Indieflix,USA,SVOD subscribers,2022-03-31,5967,2022,1,2022-Q1
Paramount+,USA,SVOD subscribers,2022-03-31,35774526,2022,1,2022-Q1
Curia,USA,SVOD subscribers,2022-03-31,9450,2022,1,2022-Q1
Topic,USA,SVOD subscribers,2022-03-31,7803,2022,1,2022-Q1
Motor Trend On Demand,USA,SVOD subscribers,2022-03-31,103322,2022,1,2022-Q1
UFC Fight Pass,USA,SVOD subscribers,2022-03-31,590733,2022,1,2022-Q1
Allblk,USA,SVOD subscribers,2022-03-31,95950,2022,1,2022-Q1
Amazon Prime Video,USA,SVOD subscribers,2022-03-31,94510824,2022,1,2022-Q1
Tennis Channel Plus,USA,SVOD subscribers,2022-06-30,20367,2022,2,2022-Q2
Izzy Stream Israel,USA,SVOD subscribers,2022-06-30,17587,2022,2,2022-Q2
Qello Concerts,USA,SVOD subscribers,2022-06-30,15519,2022,2,2022-Q2
Univision Now,USA,SVOD subscribers,2022-06-30,21477,2022,2,2022-Q2
Disney+,USA,SVOD subscribers,2022-06-30,40050000,2022,2,2022-Q2
Dropout,USA,SVOD subscribers,2022-06-30,247763,2022,2,2022-Q2
Apple TV+,USA,SVOD subscribers,2022-06-30,24507786,2022,2,2022-Q2
Screambox,USA,SVOD subscribers,2022-06-30,117746,2022,2,2022-Q2
i-ON TV,USA,SVOD subscribers,2022-06-30,1725,2022,2,2022-Q2
Demand Africa,USA,SVOD subscribers,2022-06-30,9901,2022,2,2022-Q2
Britbox,USA,SVOD subscribers,2022-06-30,1765173,2022,2,2022-Q2
France channel,USA,SVOD subscribers,2022-06-30,18480,2022,2,2022-Q2
OVID,USA,SVOD subscribers,2022-06-30,1944,2022,2,2022-Q2
Topic,USA,SVOD subscribers,2022-06-30,8388,2022,2,2022-Q2
Crunchyroll,USA,SVOD subscribers,2022-06-30,4271900,2022,2,2022-Q2
Shudder,USA,SVOD subscribers,2022-06-30,1184500,2022,2,2022-Q2
Flix Premiere,USA,SVOD subscribers,2022-06-30,76267,2022,2,2022-Q2
Pantaya,USA,SVOD subscribers,2022-06-30,1009909,2022,2,2022-Q2
Fox Nation,USA,SVOD subscribers,2022-06-30,941647,2022,2,2022-Q2
HBO Max (2020-2023),USA,SVOD subscribers,2022-06-30,21279064,2022,2,2022-Q2
Sundance Now,USA,SVOD subscribers,2022-06-30,1081500,2022,2,2022-Q2
Arrow Player,USA,SVOD subscribers,2022-06-30,29056,2022,2,2022-Q2
Pumpone,USA,SVOD subscribers,2022-06-30,4502,2022,2,2022-Q2
CuriosityStream,USA,SVOD subscribers,2022-06-30,788314,2022,2,2022-Q2
Vidgo,USA,SVOD subscribers,2022-06-30,46493,2022,2,2022-Q2
Peacock Premium,USA,SVOD subscribers,2022-06-30,13354182,2022,2,2022-Q2
Allblk,USA,SVOD subscribers,2022-06-30,104030,2022,2,2022-Q2
Philo TV,USA,SVOD subscribers,2022-06-30,900005,2022,2,2022-Q2
Wow! TV+,USA,SVOD subscribers,2022-06-30,76960,2022,2,2022-Q2
Night Flight Plus,USA,SVOD subscribers,2022-06-30,7106,2022,2,2022-Q2
Dazn,USA,SVOD subscribers,2022-06-30,1071293,2022,2,2022-Q2
Laugh Out Loud,USA,SVOD subscribers,2022-06-30,12454,2022,2,2022-Q2
Viaplay,USA,SVOD subscribers,2022-06-30,21000,2022,2,2022-Q2
Kartina.TV,USA,SVOD subscribers,2022-06-30,46080,2022,2,2022-Q2
Tastemade+,USA,SVOD subscribers,2022-06-30,205839,2022,2,2022-Q2
HiDive,USA,SVOD subscribers,2022-06-30,101970,2022,2,2022-Q2
F1 TV,USA,SVOD subscribers,2022-06-30,120445,2022,2,2022-Q2
True Story,USA,SVOD subscribers,2022-06-30,3732,2022,2,2022-Q2
Hulu,USA,SVOD subscribers,2022-06-30,46200000,2022,2,2022-Q2
Metrograph,USA,SVOD subscribers,2022-06-30,30940,2022,2,2022-Q2
iQiYi,USA,SVOD subscribers,2022-06-30,126680,2022,2,2022-Q2
Broadway HD,USA,SVOD subscribers,2022-06-30,7871,2022,2,2022-Q2
Frndly TV,USA,SVOD subscribers,2022-06-30,640411,2022,2,2022-Q2
Qwest TV,USA,SVOD subscribers,2022-06-30,30939,2022,2,2022-Q2
Smithsonian Earth TV,USA,SVOD subscribers,2022-06-30,4116,2022,2,2022-Q2
ESPN D2C,USA,SVOD subscribers,2022-06-30,22800000,2022,2,2022-Q2
FreeCast,USA,SVOD subscribers,2022-06-30,26385,2022,2,2022-Q2
Fandor,USA,SVOD subscribers,2022-06-30,52048,2022,2,2022-Q2
AMC Plus,USA,SVOD subscribers,2022-06-30,4938850,2022,2,2022-Q2
Rooster Teeth,USA,SVOD subscribers,2022-06-30,293867,2022,2,2022-Q2
Boomerang,USA,SVOD subscribers,2022-06-30,307622,2022,2,2022-Q2
The Criterion Channel,USA,SVOD subscribers,2022-06-30,54489,2022,2,2022-Q2
Magellan TV Now,USA,SVOD subscribers,2022-06-30,48029,2022,2,2022-Q2
Showtime Streaming,USA,SVOD subscribers,2022-06-30,12192710,2022,2,2022-Q2
Mubi,USA,SVOD subscribers,2022-06-30,51688,2022,2,2022-Q2
VRV,USA,SVOD subscribers,2022-06-30,494241,2022,2,2022-Q2
Hoichoi,USA,SVOD subscribers,2022-06-30,11920,2022,2,2022-Q2
Yuppflix,USA,SVOD subscribers,2022-06-30,8646,2022,2,2022-Q2
Paramount+,USA,SVOD subscribers,2022-06-30,38469526,2022,2,2022-Q2
Sling TV,USA,SVOD subscribers,2022-06-30,2197000,2022,2,2022-Q2
Pureflix,USA,SVOD subscribers,2022-06-30,720044,2022,2,2022-Q2
Nebula.tv,USA,SVOD subscribers,2022-06-30,313829,2022,2,2022-Q2
Discovery+,USA,SVOD subscribers,2022-06-30,12888707,2022,2,2022-Q2
Noggin,USA,SVOD subscribers,2022-06-30,2732551,2022,2,2022-Q2
Dekkoo,USA,SVOD subscribers,2022-06-30,3720,2022,2,2022-Q2
UFC Fight Pass,USA,SVOD subscribers,2022-06-30,599594,2022,2,2022-Q2
NBA League Pass,USA,SVOD subscribers,2022-06-30,4807198,2022,2,2022-Q2
Gaia.com,USA,SVOD subscribers,2022-06-30,559781,2022,2,2022-Q2
Flixfling,USA,SVOD subscribers,2022-06-30,4057,2022,2,2022-Q2
Retrocrush,USA,SVOD subscribers,2022-06-30,34382,2022,2,2022-Q2
Brown Sugar,USA,SVOD subscribers,2022-06-30,7282,2022,2,2022-Q2
TVPlayer USA,USA,SVOD subscribers,2022-06-30,33696,2022,2,2022-Q2
BET+,USA,SVOD subscribers,2022-06-30,1770254,2022,2,2022-Q2
Fanatiz,USA,SVOD subscribers,2022-06-30,4719,2022,2,2022-Q2
PBS Passport,USA,SVOD subscribers,2022-06-30,171624,2022,2,2022-Q2
YouTube TV USA,USA,SVOD subscribers,2022-06-30,5021930,2022,2,2022-Q2
Indieflix,USA,SVOD subscribers,2022-06-30,6086,2022,2,2022-Q2
Fubo.tv USA,USA,SVOD subscribers,2022-06-30,852300,2022,2,2022-Q2
Netflix,USA,SVOD subscribers,2022-06-30,66114129,2022,2,2022-Q2
HooplaKidz Plus,USA,SVOD subscribers,2022-06-30,16395,2022,2,2022-Q2
TYT Network,USA,SVOD subscribers,2022-06-30,37719,2022,2,2022-Q2
Amazon Prime Video,USA,SVOD subscribers,2022-06-30,96873595,2022,2,2022-Q2
FUNimation,USA,SVOD subscribers,2022-06-30,103288,2022,2,2022-Q2
Chaiflicks,USA,SVOD subscribers,2022-06-30,18470,2022,2,2022-Q2
YouTube Premium,USA,SVOD subscribers,2022-06-30,11620731,2022,2,2022-Q2
The Film Detective,USA,SVOD subscribers,2022-06-30,6101,2022,2,2022-Q2
Dove Channel,USA,SVOD subscribers,2022-06-30,639330,2022,2,2022-Q2
FloSports,USA,SVOD subscribers,2022-06-30,639797,2022,2,2022-Q2
DirecTV Stream,USA,SVOD subscribers,2022-06-30,2009348,2022,2,2022-Q2
College Sports Live,USA,SVOD subscribers,2022-06-30,5020,2022,2,2022-Q2
Struum,USA,SVOD subscribers,2022-06-30,233672,2022,2,2022-Q2
MHz Choice,USA,SVOD subscribers,2022-06-30,218881,2022,2,2022-Q2
Viki,USA,SVOD subscribers,2022-06-30,162041,2022,2,2022-Q2
Starz,USA,SVOD subscribers,2022-06-30,12200000,2022,2,2022-Q2
Curia,USA,SVOD subscribers,2022-06-30,12758,2022,2,2022-Q2
AsianCrush,USA,SVOD subscribers,2022-06-30,30152,2022,2,2022-Q2
Acorn TV,USA,SVOD subscribers,2022-06-30,2317500,2022,2,2022-Q2
Cultpix,USA,SVOD subscribers,2022-06-30,29283,2022,2,2022-Q2
MLB.TV,USA,SVOD subscribers,2022-06-30,3725802,2022,2,2022-Q2
Hallmark+,USA,SVOD subscribers,2022-06-30,1301807,2022,2,2022-Q2
OUTtv,USA,SVOD subscribers,2022-06-30,2189,2022,2,2022-Q2
Fuse+,USA,SVOD subscribers,2022-06-30,72792,2022,2,2022-Q2
History Vault,USA,SVOD subscribers,2022-06-30,10993,2022,2,2022-Q2
NFL Game Pass,USA,SVOD subscribers,2022-06-30,176794,2022,2,2022-Q2
BlazeTV+,USA,SVOD subscribers,2022-06-30,480441,2022,2,2022-Q2
Eros Now,USA,SVOD subscribers,2022-06-30,109935,2022,2,2022-Q2
MyOutdoorTV,USA,SVOD subscribers,2022-06-30,14140,2022,2,2022-Q2
Kocowa+,USA,SVOD subscribers,2022-06-30,64966,2022,2,2022-Q2
Film Movement PLus,USA,SVOD subscribers,2022-06-30,34640,2022,2,2022-Q2
PaulaDeen.com,USA,SVOD subscribers,2022-06-30,39000,2022,2,2022-Q2
WOW Presents Plus,USA,SVOD subscribers,2022-06-30,37547,2022,2,2022-Q2
Hi-YAH,USA,SVOD subscribers,2022-06-30,22720,2022,2,2022-Q2
Poker Go,USA,SVOD subscribers,2022-06-30,8122,2022,2,2022-Q2
C Spire,USA,SVOD subscribers,2022-06-30,108060,2022,2,2022-Q2
Sun NXT,USA,SVOD subscribers,2022-06-30,16690,2022,2,2022-Q2
Met Opera on Demand,USA,SVOD subscribers,2022-06-30,33758,2022,2,2022-Q2
Motor Trend On Demand,USA,SVOD subscribers,2022-06-30,105388,2022,2,2022-Q2
Lifetime Movie Club,USA,SVOD subscribers,2022-06-30,300120,2022,2,2022-Q2
Curia,USA,SVOD subscribers,2022-09-30,15947,2022,3,2022-Q3
The Criterion Channel,USA,SVOD subscribers,2022-09-30,58849,2022,3,2022-Q3
OVID,USA,SVOD subscribers,2022-09-30,2055,2022,3,2022-Q3
Fox Nation,USA,SVOD subscribers,2022-09-30,1104750,2022,3,2022-Q3
Topic,USA,SVOD subscribers,2022-09-30,9017,2022,3,2022-Q3
Vidgo,USA,SVOD subscribers,2022-09-30,53467,2022,3,2022-Q3
Vix Premium,USA,SVOD subscribers,2022-09-30,19010,2022,3,2022-Q3
Night Flight Plus,USA,SVOD subscribers,2022-09-30,7000,2022,3,2022-Q3
The Film Detective,USA,SVOD subscribers,2022-09-30,6558,2022,3,2022-Q3
Chaiflicks,USA,SVOD subscribers,2022-09-30,20310,2022,3,2022-Q3
Metrograph,USA,SVOD subscribers,2022-09-30,32487,2022,3,2022-Q3
Cultpix,USA,SVOD subscribers,2022-09-30,31479,2022,3,2022-Q3
Struum,USA,SVOD subscribers,2022-09-30,245355,2022,3,2022-Q3
Flix Premiere,USA,SVOD subscribers,2022-09-30,80080,2022,3,2022-Q3
NFL+,USA,SVOD subscribers,2022-09-30,203313,2022,3,2022-Q3
Frndly TV,USA,SVOD subscribers,2022-09-30,681288,2022,3,2022-Q3
France channel,USA,SVOD subscribers,2022-09-30,21120,2022,3,2022-Q3
Film Movement PLus,USA,SVOD subscribers,2022-09-30,36372,2022,3,2022-Q3
DirecTV Stream,USA,SVOD subscribers,2022-09-30,2170096,2022,3,2022-Q3
Nebula.tv,USA,SVOD subscribers,2022-09-30,360904,2022,3,2022-Q3
Dropout,USA,SVOD subscribers,2022-09-30,282450,2022,3,2022-Q3
Magellan TV Now,USA,SVOD subscribers,2022-09-30,51631,2022,3,2022-Q3
Retrocrush,USA,SVOD subscribers,2022-09-30,36445,2022,3,2022-Q3
Arrow Player,USA,SVOD subscribers,2022-09-30,31232,2022,3,2022-Q3
True Story,USA,SVOD subscribers,2022-09-30,4479,2022,3,2022-Q3
WOW Presents Plus,USA,SVOD subscribers,2022-09-30,38485,2022,3,2022-Q3
TVPlayer USA,USA,SVOD subscribers,2022-09-30,40435,2022,3,2022-Q3
Fuse+,USA,SVOD subscribers,2022-09-30,83669,2022,3,2022-Q3
Bally Sports+,USA,SVOD subscribers,2022-09-30,55000,2022,3,2022-Q3
Eros Now,USA,SVOD subscribers,2022-09-30,118181,2022,3,2022-Q3
Kartina.TV,USA,SVOD subscribers,2022-09-30,48384,2022,3,2022-Q3
Indieflix,USA,SVOD subscribers,2022-09-30,6208,2022,3,2022-Q3
College Sports Live,USA,SVOD subscribers,2022-09-30,5522,2022,3,2022-Q3
FloSports,USA,SVOD subscribers,2022-09-30,671787,2022,3,2022-Q3
TYT Network,USA,SVOD subscribers,2022-09-30,38851,2022,3,2022-Q3
YouTube TV USA,USA,SVOD subscribers,2022-09-30,5273026,2022,3,2022-Q3
Fanatiz,USA,SVOD subscribers,2022-09-30,4766,2022,3,2022-Q3
Poker Go,USA,SVOD subscribers,2022-09-30,8203,2022,3,2022-Q3
Kocowa+,USA,SVOD subscribers,2022-09-30,66266,2022,3,2022-Q3
History Vault,USA,SVOD subscribers,2022-09-30,11213,2022,3,2022-Q3
Flixfling,USA,SVOD subscribers,2022-09-30,4138,2022,3,2022-Q3
Philo TV,USA,SVOD subscribers,2022-09-30,918005,2022,3,2022-Q3
Pantaya,USA,SVOD subscribers,2022-09-30,959414,2022,3,2022-Q3
Qello Concerts,USA,SVOD subscribers,2022-09-30,15674,2022,3,2022-Q3
Yuppflix,USA,SVOD subscribers,2022-09-30,8732,2022,3,2022-Q3
Pureflix,USA,SVOD subscribers,2022-09-30,743805,2022,3,2022-Q3
Broadway HD,USA,SVOD subscribers,2022-09-30,8028,2022,3,2022-Q3
F1 TV,USA,SVOD subscribers,2022-09-30,140190,2022,3,2022-Q3
AsianCrush,USA,SVOD subscribers,2022-09-30,30755,2022,3,2022-Q3
HiDive,USA,SVOD subscribers,2022-09-30,105930,2022,3,2022-Q3
ESPN D2C,USA,SVOD subscribers,2022-09-30,24300000,2022,3,2022-Q3
VRV,USA,SVOD subscribers,2022-09-30,499183,2022,3,2022-Q3
Mubi,USA,SVOD subscribers,2022-09-30,54014,2022,3,2022-Q3
Crunchyroll,USA,SVOD subscribers,2022-09-30,5063956,2022,3,2022-Q3
CuriosityStream,USA,SVOD subscribers,2022-09-30,804080,2022,3,2022-Q3
Dazn,USA,SVOD subscribers,2022-09-30,1178422,2022,3,2022-Q3
Tastemade+,USA,SVOD subscribers,2022-09-30,221277,2022,3,2022-Q3
MLB.TV,USA,SVOD subscribers,2022-09-30,4023866,2022,3,2022-Q3
Motor Trend On Demand,USA,SVOD subscribers,2022-09-30,107496,2022,3,2022-Q3
Allblk,USA,SVOD subscribers,2022-09-30,108070,2022,3,2022-Q3
Rooster Teeth,USA,SVOD subscribers,2022-09-30,296806,2022,3,2022-Q3
Laugh Out Loud,USA,SVOD subscribers,2022-09-30,12703,2022,3,2022-Q3
Viaplay,USA,SVOD subscribers,2022-09-30,40000,2022,3,2022-Q3
Hulu,USA,SVOD subscribers,2022-09-30,47200000,2022,3,2022-Q3
iQiYi,USA,SVOD subscribers,2022-09-30,129220,2022,3,2022-Q3
Fandor,USA,SVOD subscribers,2022-09-30,53089,2022,3,2022-Q3
Sling TV,USA,SVOD subscribers,2022-09-30,2411000,2022,3,2022-Q3
Showtime Streaming,USA,SVOD subscribers,2022-09-30,11887892,2022,3,2022-Q3
Boomerang,USA,SVOD subscribers,2022-09-30,316851,2022,3,2022-Q3
Univision Now,USA,SVOD subscribers,2022-09-30,21691,2022,3,2022-Q3
i-ON TV,USA,SVOD subscribers,2022-09-30,1725,2022,3,2022-Q3
Shudder,USA,SVOD subscribers,2022-09-30,1230500,2022,3,2022-Q3
Sundance Now,USA,SVOD subscribers,2022-09-30,1123500,2022,3,2022-Q3
Tennis Channel Plus,USA,SVOD subscribers,2022-09-30,22403,2022,3,2022-Q3
Noggin,USA,SVOD subscribers,2022-09-30,2759876,2022,3,2022-Q3
NBA League Pass,USA,SVOD subscribers,2022-09-30,4662982,2022,3,2022-Q3
Hallmark+,USA,SVOD subscribers,2022-09-30,1327843,2022,3,2022-Q3
PaulaDeen.com,USA,SVOD subscribers,2022-09-30,38610,2022,3,2022-Q3
Met Opera on Demand,USA,SVOD subscribers,2022-09-30,34433,2022,3,2022-Q3
Acorn TV,USA,SVOD subscribers,2022-09-30,2407500,2022,3,2022-Q3
Gaia.com,USA,SVOD subscribers,2022-09-30,573775,2022,3,2022-Q3
Fubo.tv USA,USA,SVOD subscribers,2022-09-30,1107900,2022,3,2022-Q3
FUNimation,USA,SVOD subscribers,2022-09-30,104837,2022,3,2022-Q3
YouTube Premium,USA,SVOD subscribers,2022-09-30,12862891,2022,3,2022-Q3
Starz,USA,SVOD subscribers,2022-09-30,12300000,2022,3,2022-Q3
Britbox,USA,SVOD subscribers,2022-09-30,1853432,2022,3,2022-Q3
PBS Passport,USA,SVOD subscribers,2022-09-30,169907,2022,3,2022-Q3
C Spire,USA,SVOD subscribers,2022-09-30,104819,2022,3,2022-Q3
Pumpone,USA,SVOD subscribers,2022-09-30,4592,2022,3,2022-Q3
Smithsonian Earth TV,USA,SVOD subscribers,2022-09-30,4198,2022,3,2022-Q3
BlazeTV+,USA,SVOD subscribers,2022-09-30,485245,2022,3,2022-Q3
Netflix,USA,SVOD subscribers,2022-09-30,66207955,2022,3,2022-Q3
Screambox,USA,SVOD subscribers,2022-09-30,141295,2022,3,2022-Q3
AMC Plus,USA,SVOD subscribers,2022-09-30,5130650,2022,3,2022-Q3
Izzy Stream Israel,USA,SVOD subscribers,2022-09-30,19345,2022,3,2022-Q3
Dekkoo,USA,SVOD subscribers,2022-09-30,3820,2022,3,2022-Q3
Hoichoi,USA,SVOD subscribers,2022-09-30,13110,2022,3,2022-Q3
MHz Choice,USA,SVOD subscribers,2022-09-30,229826,2022,3,2022-Q3
Disney+,USA,SVOD subscribers,2022-09-30,41760000,2022,3,2022-Q3
Demand Africa,USA,SVOD subscribers,2022-09-30,10495,2022,3,2022-Q3
BET+,USA,SVOD subscribers,2022-09-30,2034774,2022,3,2022-Q3
OUTtv,USA,SVOD subscribers,2022-09-30,2244,2022,3,2022-Q3
Sun NXT,USA,SVOD subscribers,2022-09-30,18360,2022,3,2022-Q3
Discovery+,USA,SVOD subscribers,2022-09-30,13010429,2022,3,2022-Q3
Dove Channel,USA,SVOD subscribers,2022-09-30,645723,2022,3,2022-Q3
HooplaKidz Plus,USA,SVOD subscribers,2022-09-30,16559,2022,3,2022-Q3
Brown Sugar,USA,SVOD subscribers,2022-09-30,7565,2022,3,2022-Q3
Hi-YAH,USA,SVOD subscribers,2022-09-30,23170,2022,3,2022-Q3
FreeCast,USA,SVOD subscribers,2022-09-30,28364,2022,3,2022-Q3
Peacock Premium,USA,SVOD subscribers,2022-09-30,15036447,2022,3,2022-Q3
Qwest TV,USA,SVOD subscribers,2022-09-30,35579,2022,3,2022-Q3
Paramount+,USA,SVOD subscribers,2022-09-30,40999526,2022,3,2022-Q3
Wow! TV+,USA,SVOD subscribers,2022-09-30,84656,2022,3,2022-Q3
Lifetime Movie Club,USA,SVOD subscribers,2022-09-30,302580,2022,3,2022-Q3
Amazon Prime Video,USA,SVOD subscribers,2022-09-30,97842331,2022,3,2022-Q3
Viki,USA,SVOD subscribers,2022-09-30,170143,2022,3,2022-Q3
UFC Fight Pass,USA,SVOD subscribers,2022-09-30,608588,2022,3,2022-Q3
HBO Max (2020-2023),USA,SVOD subscribers,2022-09-30,21438657,2022,3,2022-Q3
MyOutdoorTV,USA,SVOD subscribers,2022-09-30,15560,2022,3,2022-Q3
Apple TV+,USA,SVOD subscribers,2022-09-30,26345869,2022,3,2022-Q3
Acorn TV,USA,SVOD subscribers,2022-12-31,2655000,2022,4,2022-Q4
Dekkoo,USA,SVOD subscribers,2022-12-31,3910,2022,4,2022-Q4
Cultpix,USA,SVOD subscribers,2022-12-31,33840,2022,4,2022-Q4
Gaia.com,USA,SVOD subscribers,2022-12-31,607200,2022,4,2022-Q4
Vix Premium,USA,SVOD subscribers,2022-12-31,636400,2022,4,2022-Q4
Curia,USA,SVOD subscribers,2022-12-31,19934,2022,4,2022-Q4
Fubo.tv USA,USA,SVOD subscribers,2022-12-31,1300500,2022,4,2022-Q4
DirecTV Stream,USA,SVOD subscribers,2022-12-31,2343703,2022,4,2022-Q4
FUNimation,USA,SVOD subscribers,2022-12-31,106410,2022,4,2022-Q4
OUTtv,USA,SVOD subscribers,2022-12-31,2300,2022,4,2022-Q4
YouTube Premium,USA,SVOD subscribers,2022-12-31,14105052,2022,4,2022-Q4
Starz,USA,SVOD subscribers,2022-12-31,11600000,2022,4,2022-Q4
Chaiflicks,USA,SVOD subscribers,2022-12-31,22340,2022,4,2022-Q4
MyOutdoorTV,USA,SVOD subscribers,2022-12-31,17110,2022,4,2022-Q4
Britbox,USA,SVOD subscribers,2022-12-31,1946103,2022,4,2022-Q4
PBS Passport,USA,SVOD subscribers,2022-12-31,168208,2022,4,2022-Q4
Hi-YAH,USA,SVOD subscribers,2022-12-31,23640,2022,4,2022-Q4
C Spire,USA,SVOD subscribers,2022-12-31,101674,2022,4,2022-Q4
Vidgo,USA,SVOD subscribers,2022-12-31,61487,2022,4,2022-Q4
Met Opera on Demand,USA,SVOD subscribers,2022-12-31,35121,2022,4,2022-Q4
HBO Max (2020-2023),USA,SVOD subscribers,2022-12-31,21599447,2022,4,2022-Q4
Peacock Premium,USA,SVOD subscribers,2022-12-31,21000000,2022,4,2022-Q4
Qwest TV,USA,SVOD subscribers,2022-12-31,40916,2022,4,2022-Q4
Viaplay,USA,SVOD subscribers,2022-12-31,66000,2022,4,2022-Q4
Hulu,USA,SVOD subscribers,2022-12-31,48000000,2022,4,2022-Q4
FreeCast,USA,SVOD subscribers,2022-12-31,30492,2022,4,2022-Q4
iQiYi,USA,SVOD subscribers,2022-12-31,131800,2022,4,2022-Q4
Nebula.tv,USA,SVOD subscribers,2022-12-31,390000,2022,4,2022-Q4
Frndly TV,USA,SVOD subscribers,2022-12-31,724774,2022,4,2022-Q4
Fandor,USA,SVOD subscribers,2022-12-31,54150,2022,4,2022-Q4
Sling TV,USA,SVOD subscribers,2022-12-31,2334000,2022,4,2022-Q4
Discovery+,USA,SVOD subscribers,2022-12-31,13264634,2022,4,2022-Q4
Showtime Streaming,USA,SVOD subscribers,2022-12-31,11590695,2022,4,2022-Q4
Dropout,USA,SVOD subscribers,2022-12-31,335000,2022,4,2022-Q4
Boomerang,USA,SVOD subscribers,2022-12-31,326357,2022,4,2022-Q4
AMC Plus,USA,SVOD subscribers,2022-12-31,5658100,2022,4,2022-Q4
Univision Now,USA,SVOD subscribers,2022-12-31,21908,2022,4,2022-Q4
i-ON TV,USA,SVOD subscribers,2022-12-31,1725,2022,4,2022-Q4
Izzy Stream Israel,USA,SVOD subscribers,2022-12-31,21280,2022,4,2022-Q4
Shudder,USA,SVOD subscribers,2022-12-31,1357000,2022,4,2022-Q4
Arrow Player,USA,SVOD subscribers,2022-12-31,33568,2022,4,2022-Q4
Sundance Now,USA,SVOD subscribers,2022-12-31,1239000,2022,4,2022-Q4
Fox Nation,USA,SVOD subscribers,2022-12-31,1204178,2022,4,2022-Q4
Tennis Channel Plus,USA,SVOD subscribers,2022-12-31,20163,2022,4,2022-Q4
Demand Africa,USA,SVOD subscribers,2022-12-31,11124,2022,4,2022-Q4
Noggin,USA,SVOD subscribers,2022-12-31,2787475,2022,4,2022-Q4
Hallmark+,USA,SVOD subscribers,2022-12-31,1354400,2022,4,2022-Q4
BlazeTV+,USA,SVOD subscribers,2022-12-31,490098,2022,4,2022-Q4
Fuse+,USA,SVOD subscribers,2022-12-31,96171,2022,4,2022-Q4
PaulaDeen.com,USA,SVOD subscribers,2022-12-31,38224,2022,4,2022-Q4
NFL+,USA,SVOD subscribers,2022-12-31,233810,2022,4,2022-Q4
Bally Sports+,USA,SVOD subscribers,2022-12-31,82500,2022,4,2022-Q4
True Story,USA,SVOD subscribers,2022-12-31,5375,2022,4,2022-Q4
Topic,USA,SVOD subscribers,2022-12-31,9693,2022,4,2022-Q4
WOW Presents Plus,USA,SVOD subscribers,2022-12-31,39447,2022,4,2022-Q4
Yuppflix,USA,SVOD subscribers,2022-12-31,8819,2022,4,2022-Q4
Apple TV+,USA,SVOD subscribers,2022-12-31,28321810,2022,4,2022-Q4
Pureflix,USA,SVOD subscribers,2022-12-31,768351,2022,4,2022-Q4
Metrograph,USA,SVOD subscribers,2022-12-31,34111,2022,4,2022-Q4
Broadway HD,USA,SVOD subscribers,2022-12-31,8189,2022,4,2022-Q4
France channel,USA,SVOD subscribers,2022-12-31,23760,2022,4,2022-Q4
F1 TV,USA,SVOD subscribers,2022-12-31,126171,2022,4,2022-Q4
Hoichoi,USA,SVOD subscribers,2022-12-31,14420,2022,4,2022-Q4
AsianCrush,USA,SVOD subscribers,2022-12-31,31370,2022,4,2022-Q4
HiDive,USA,SVOD subscribers,2022-12-31,116820,2022,4,2022-Q4
Sun NXT,USA,SVOD subscribers,2022-12-31,20190,2022,4,2022-Q4
Magellan TV Now,USA,SVOD subscribers,2022-12-31,55503,2022,4,2022-Q4
ESPN D2C,USA,SVOD subscribers,2022-12-31,24900000,2022,4,2022-Q4
The Criterion Channel,USA,SVOD subscribers,2022-12-31,63557,2022,4,2022-Q4
VRV,USA,SVOD subscribers,2022-12-31,504175,2022,4,2022-Q4
Mubi,USA,SVOD subscribers,2022-12-31,56445,2022,4,2022-Q4
Flix Premiere,USA,SVOD subscribers,2022-12-31,84084,2022,4,2022-Q4
Paramount+,USA,SVOD subscribers,2022-12-31,46345526,2022,4,2022-Q4
Crunchyroll,USA,SVOD subscribers,2022-12-31,5804523,2022,4,2022-Q4
CuriosityStream,USA,SVOD subscribers,2022-12-31,820162,2022,4,2022-Q4
UFC Fight Pass,USA,SVOD subscribers,2022-12-31,617717,2022,4,2022-Q4
Dazn,USA,SVOD subscribers,2022-12-31,1296265,2022,4,2022-Q4
Film Movement PLus,USA,SVOD subscribers,2022-12-31,38191,2022,4,2022-Q4
Eros Now,USA,SVOD subscribers,2022-12-31,127044,2022,4,2022-Q4
Amazon Prime Video,USA,SVOD subscribers,2022-12-31,98820754,2022,4,2022-Q4
MLB.TV,USA,SVOD subscribers,2022-12-31,4345775,2022,4,2022-Q4
NBA League Pass,USA,SVOD subscribers,2022-12-31,5036020,2022,4,2022-Q4
Viki,USA,SVOD subscribers,2022-12-31,178650,2022,4,2022-Q4
Netflix,USA,SVOD subscribers,2022-12-31,67028032,2022,4,2022-Q4
Qello Concerts,USA,SVOD subscribers,2022-12-31,15831,2022,4,2022-Q4
Pumpone,USA,SVOD subscribers,2022-12-31,4683,2022,4,2022-Q4
Disney+,USA,SVOD subscribers,2022-12-31,41940000,2022,4,2022-Q4
Night Flight Plus,USA,SVOD subscribers,2022-12-31,6895,2022,4,2022-Q4
Smithsonian Earth TV,USA,SVOD subscribers,2022-12-31,4282,2022,4,2022-Q4
Lifetime Movie Club,USA,SVOD subscribers,2022-12-31,285360,2022,4,2022-Q4
Laugh Out Loud,USA,SVOD subscribers,2022-12-31,12957,2022,4,2022-Q4
Rooster Teeth,USA,SVOD subscribers,2022-12-31,299774,2022,4,2022-Q4
Brown Sugar,USA,SVOD subscribers,2022-12-31,8343,2022,4,2022-Q4
Allblk,USA,SVOD subscribers,2022-12-31,119180,2022,4,2022-Q4
Motor Trend On Demand,USA,SVOD subscribers,2022-12-31,109646,2022,4,2022-Q4
BET+,USA,SVOD subscribers,2022-12-31,2338821,2022,4,2022-Q4
Indieflix,USA,SVOD subscribers,2022-12-31,6332,2022,4,2022-Q4
The Film Detective,USA,SVOD subscribers,2022-12-31,7050,2022,4,2022-Q4
College Sports Live,USA,SVOD subscribers,2022-12-31,6074,2022,4,2022-Q4
TVPlayer USA,USA,SVOD subscribers,2022-12-31,48522,2022,4,2022-Q4
FloSports,USA,SVOD subscribers,2022-12-31,705377,2022,4,2022-Q4
HooplaKidz Plus,USA,SVOD subscribers,2022-12-31,16725,2022,4,2022-Q4
TYT Network,USA,SVOD subscribers,2022-12-31,40016,2022,4,2022-Q4
YouTube TV USA,USA,SVOD subscribers,2022-12-31,5536677,2022,4,2022-Q4
Retrocrush,USA,SVOD subscribers,2022-12-31,38632,2022,4,2022-Q4
Dove Channel,USA,SVOD subscribers,2022-12-31,652181,2022,4,2022-Q4
Fanatiz,USA,SVOD subscribers,2022-12-31,4814,2022,4,2022-Q4
Poker Go,USA,SVOD subscribers,2022-12-31,8285,2022,4,2022-Q4
MHz Choice,USA,SVOD subscribers,2022-12-31,241317,2022,4,2022-Q4
Kocowa+,USA,SVOD subscribers,2022-12-31,67591,2022,4,2022-Q4
OVID,USA,SVOD subscribers,2022-12-31,2173,2022,4,2022-Q4
History Vault,USA,SVOD subscribers,2022-12-31,11437,2022,4,2022-Q4
Struum,USA,SVOD subscribers,2022-12-31,257623,2022,4,2022-Q4
Flixfling,USA,SVOD subscribers,2022-12-31,4221,2022,4,2022-Q4
Wow! TV+,USA,SVOD subscribers,2022-12-31,93122,2022,4,2022-Q4
Philo TV,USA,SVOD subscribers,2022-12-31,936365,2022,4,2022-Q4
Kartina.TV,USA,SVOD subscribers,2022-12-31,50803,2022,4,2022-Q4
Screambox,USA,SVOD subscribers,2022-12-31,169554,2022,4,2022-Q4
Tastemade+,USA,SVOD subscribers,2022-12-31,237873,2022,4,2022-Q4
